,City,Lat,Lng,Max Temp,Humidity,Cloudiness,Wind Speed,Country,Date
0,aswan,24.09,32.91,100.24,13,6,17.56,EG,1596996416
1,lishui,28.46,119.91,78.78,85,88,1.9,CN,1596996416
2,pisco,-13.7,-76.22,64.0,82,40,8.05,PE,1596996417
3,namatanai,-3.67,152.43,78.24,83,100,4.32,PG,1596996417
4,punta arenas,-53.15,-70.92,41.0,55,100,20.8,CL,1596996417
5,samandag,36.08,35.98,80.6,69,20,14.99,TR,1596996417
6,upington,-28.45,21.26,53.6,70,20,5.82,ZA,1596996417
7,ambon,-3.7,128.18,81.0,93,54,8.34,ID,1596996418
8,kapaa,22.08,-159.32,78.8,83,90,19.46,US,1596996397
9,kisangani,0.52,25.2,74.93,89,98,1.36,CD,1596996418
10,sumbawanga,-7.97,31.62,60.93,41,0,2.98,TZ,1596996418
11,okha,53.57,142.95,52.93,90,84,5.57,RU,1596996418
12,albany,42.6,-73.97,87.01,67,33,5.75,US,1596996416
13,naze,28.37,129.48,82.4,94,75,13.87,JP,1596996386
14,sehithwa,-20.47,22.72,69.62,23,0,4.9,BW,1596996419
15,puerto ayora,-0.74,-90.35,77.0,65,75,11.41,EC,1596996419
16,corn island,12.17,-83.04,83.79,80,100,22.75,NI,1596996419
17,gijon,43.54,-5.66,72.0,77,97,1.99,ES,1596996419
18,cape town,-33.93,18.42,60.01,82,75,11.41,ZA,1596996293
19,lebu,-37.62,-73.65,52.45,94,100,15.37,CL,1596996420
20,rikitea,-23.12,-134.97,70.25,79,56,28.03,PF,1596996420
21,ushuaia,-54.8,-68.3,39.2,60,75,24.16,AR,1596996141
22,saint-ambroise,48.55,-71.33,84.0,45,20,16.11,CA,1596996421
23,kirakira,-10.45,161.92,79.12,83,99,8.7,SB,1596996421
24,atuona,-9.8,-139.03,78.53,70,27,24.54,PF,1596996422
25,lake havasu city,34.48,-114.32,104.0,8,1,3.36,US,1596996422
26,sitka,57.05,-135.33,57.2,82,90,17.22,US,1596996423
27,ribeira grande,38.52,-28.7,77.0,65,20,17.22,PT,1596996424
28,bluff,-46.6,168.33,48.99,90,99,15.01,NZ,1596996424
29,tselinnoye,53.08,85.67,64.51,76,0,6.17,RU,1596996424
30,yellowknife,62.46,-114.35,66.2,52,75,23.04,CA,1596996356
31,nome,64.5,-165.41,44.6,93,90,3.58,US,1596996424
32,arraial do cabo,-22.97,-42.03,80.6,73,0,20.8,BR,1596996425
33,lorengau,-2.02,147.27,81.03,74,98,4.21,PG,1596996425
34,esperance,-33.87,121.9,51.8,87,90,24.16,AU,1596996351
35,bilma,18.69,12.92,96.44,33,23,13.35,NE,1596996425
36,manokwari,-0.87,134.08,79.45,75,84,3.58,ID,1596996425
37,nemuro,43.32,145.57,61.02,98,99,6.46,JP,1596996425
38,kavaratti,10.57,72.64,81.7,80,100,21.81,IN,1596996374
39,saint george,37.1,-113.58,93.0,10,0,1.74,US,1596996138
40,businga,3.33,20.88,72.21,87,100,1.88,CD,1596996426
41,kattivakkam,13.22,80.32,84.2,79,75,10.29,IN,1596996426
42,castro,-24.79,-50.01,72.03,44,0,5.91,BR,1596996426
43,ourossogui,15.61,-13.32,93.2,63,40,6.93,SN,1596996426
44,carnarvon,-24.87,113.63,66.2,72,75,14.99,AU,1596996356
45,cartagena,10.4,-75.51,95.0,59,40,2.24,CO,1596996271
46,vaini,-21.2,-175.2,68.0,82,40,5.82,TO,1596996427
47,sioux lookout,50.1,-91.92,73.4,56,90,10.29,CA,1596996423
48,saldanha,-33.01,17.94,57.2,82,31,3.36,ZA,1596996404
49,berezovka,53.72,25.5,67.55,85,4,5.03,BY,1596996427
50,broome,42.25,-75.83,82.99,50,1,9.17,US,1596996215
51,millinocket,45.66,-68.71,84.2,39,1,8.05,US,1596996338
52,saint-philippe,-21.36,55.77,62.6,63,40,4.7,RE,1596996359
53,mahibadhoo,3.78,72.97,83.61,74,90,13.31,MV,1596996428
54,ilulissat,69.22,-51.1,39.2,80,75,2.24,GL,1596996363
55,nioro,13.35,-15.75,76.62,93,100,9.31,GM,1596996418
56,bethel,41.37,-73.41,88.0,54,40,11.41,US,1596996404
57,altamont,42.21,-121.74,72.0,37,1,9.17,US,1596996429
58,avarua,-21.21,-159.78,71.6,100,94,3.36,CK,1596996353
59,hobart,-42.88,147.33,37.4,93,90,5.82,AU,1596996250
60,tagusao,9.19,117.81,80.74,82,97,7.31,PH,1596996429
61,georgetown,5.41,100.34,84.2,79,20,3.89,MY,1596996267
62,hithadhoo,-0.6,73.08,82.11,82,97,11.79,MV,1596996164
63,adrar,20.5,-10.07,103.71,19,1,12.17,MR,1596996430
64,quesnel,53.0,-122.5,57.2,67,1,4.7,CA,1596996364
65,jamestown,42.1,-79.24,82.99,57,20,12.75,US,1596996430
66,palamos,41.85,3.13,81.0,48,84,4.79,ES,1596996430
67,souillac,-20.52,57.52,69.8,52,75,12.75,MU,1596996431
68,san andres,12.58,-81.7,87.8,79,90,13.87,CO,1596996431
69,cam ranh,11.92,109.16,84.2,83,40,4.7,VN,1596996431
70,mantua,45.17,10.78,87.01,65,11,4.63,IT,1596996432
71,sao filipe,14.9,-24.5,78.55,77,41,7.49,CV,1596996432
72,ushtobe,45.25,77.98,66.36,64,29,4.85,KZ,1596996432
73,anadyr,64.75,177.48,51.8,81,40,4.47,RU,1596996432
74,meulaboh,4.14,96.13,78.42,79,69,3.22,ID,1596996372
75,borogontsy,62.67,131.17,61.39,59,28,5.95,RU,1596996432
76,viedma,-40.81,-63.0,51.01,61,97,3.0,AR,1596996433
77,adet,11.26,37.49,57.87,93,97,4.18,ET,1596996433
78,champerico,14.3,-91.92,89.6,55,20,4.7,GT,1596996433
79,concordia,-31.39,-58.02,81.0,47,2,5.82,AR,1596996414
80,karratha,-20.74,116.85,73.4,81,50,18.34,AU,1596996433
81,cururupu,-1.83,-44.87,86.88,58,18,6.24,BR,1596996424
82,mataura,-46.19,168.86,48.99,90,100,15.01,NZ,1596996434
83,gizo,-8.1,156.84,81.93,74,98,4.16,SB,1596996434
84,peace river,56.25,-117.29,60.8,55,20,13.87,CA,1596996434
85,husavik,66.04,-17.34,59.0,77,90,17.22,IS,1596996434
86,sept-iles,50.2,-66.38,73.4,56,75,11.41,CA,1596996434
87,iqaluit,63.75,-68.51,51.8,53,40,11.41,CA,1596996435
88,amapa,1.0,-52.0,90.48,47,51,3.98,BR,1596996435
89,coquimbo,-29.95,-71.34,55.4,82,75,10.29,CL,1596996251
90,hamilton,39.18,-84.53,90.0,51,75,5.82,US,1596996435
91,imeni poliny osipenko,52.42,136.49,56.07,89,100,2.08,RU,1596996435
92,les cayes,18.2,-73.75,86.76,69,23,9.91,HT,1596996436
93,mount pleasant,32.79,-79.86,95.0,70,1,8.63,US,1596996436
94,hilo,19.73,-155.09,73.4,83,90,3.36,US,1596996436
95,busselton,-33.65,115.33,54.0,77,90,16.91,AU,1596996400
96,new norfolk,-42.78,147.06,35.01,91,4,2.06,AU,1596996436
97,ishim,56.11,69.49,67.75,73,30,10.0,RU,1596996436
98,half moon bay,37.46,-122.43,80.01,77,5,3.36,US,1596996395
99,paita,-5.09,-81.11,69.19,62,1,14.29,PE,1596996437
100,fort nelson,58.81,-122.7,66.2,42,20,10.29,CA,1596996437
101,takoradi,4.88,-1.76,75.45,76,32,10.76,GH,1596996437
102,chuy,-33.7,-53.46,71.38,66,26,4.14,UY,1596996437
103,skjervoy,70.03,20.97,57.2,71,75,8.05,NO,1596996437
104,nombre de dios,23.85,-104.23,73.4,49,5,10.04,MX,1596996438
105,teruel,40.67,-0.67,89.6,25,70,18.34,ES,1596996438
106,lagoa,39.05,-27.98,70.9,66,2,3.33,PT,1596996438
107,barrow,71.29,-156.79,41.0,93,90,6.93,US,1596996361
108,upernavik,72.79,-56.15,39.76,66,0,3.58,GL,1596996438
109,hanstholm,57.12,8.62,70.0,69,2,5.06,DK,1596996438
110,caravelas,-17.71,-39.25,75.7,65,70,8.01,BR,1596996438
111,westerland,54.91,8.3,73.4,69,47,13.87,DE,1596996439
112,grand gaube,-20.01,57.66,66.99,57,21,3.0,MU,1596996432
113,aasiaat,68.71,-52.87,37.08,86,70,8.63,GL,1596996439
114,vadinsk,53.69,43.06,61.12,77,17,5.37,RU,1596996439
115,dunedin,-45.87,170.5,48.0,79,100,4.0,NZ,1596996315
116,trujillo,-8.12,-79.03,67.57,65,30,11.16,PE,1596996440
117,kodiak,57.79,-152.41,57.2,67,1,14.99,US,1596996370
118,thompson,55.74,-97.86,57.2,93,90,6.93,CA,1596996238
119,kholodnyy,62.72,147.95,46.92,88,81,2.8,RU,1596996441
120,lujan,-34.57,-59.1,64.99,77,99,1.01,AR,1596996442
121,castanos,26.78,-101.42,86.0,40,20,9.17,MX,1596996442
122,dikson,73.51,80.55,43.56,93,87,16.91,RU,1596996443
123,pimentel,-6.84,-79.93,64.4,77,75,13.87,PE,1596996432
124,port alfred,-33.59,26.89,63.59,47,39,18.32,ZA,1596996365
125,wanning,18.8,110.4,81.82,82,65,8.01,CN,1596996444
126,aksarka,66.56,67.8,52.2,85,99,5.59,RU,1596996444
127,mayo,38.89,-76.51,89.6,59,1,8.05,US,1596996444
128,mildura,-34.2,142.15,42.8,100,6,6.93,AU,1596996445
129,beloha,-25.17,45.05,62.31,65,0,7.72,MG,1596996445
130,ryotsu,38.08,138.43,71.6,100,63,1.12,JP,1596996445
131,bredasdorp,-34.53,20.04,55.4,82,7,12.75,ZA,1596996227
132,bandarbeyla,9.49,50.81,77.41,67,19,31.52,SO,1596996445
133,talnakh,69.49,88.4,57.2,93,75,13.42,RU,1596996446
134,east london,-33.02,27.91,67.14,40,1,14.2,ZA,1596996446
135,shingu,33.73,135.98,77.58,86,100,4.05,JP,1596996446
136,prince rupert,54.32,-130.32,55.4,93,90,14.99,CA,1596996446
137,owando,-0.48,15.9,80.89,60,98,4.09,CG,1596996446
138,bambous virieux,-20.34,57.76,69.8,52,75,12.75,MU,1596996447
139,abu kamal,34.45,40.92,89.53,26,0,14.0,SY,1596996447
140,orange,33.7,-117.77,78.01,64,1,4.7,US,1596996447
141,bowen,-20.02,148.23,57.99,93,0,4.7,AU,1596996447
142,ust-nera,64.57,143.2,54.77,56,53,7.38,RU,1596996157
143,pangnirtung,66.15,-65.71,46.4,75,40,18.34,CA,1596996425
144,kieta,-6.22,155.63,78.04,78,100,3.62,PG,1596996448
145,nanortalik,60.14,-45.24,44.44,88,100,4.5,GL,1596996395
146,betafo,-19.83,46.85,52.81,52,96,3.04,MG,1596996448
147,opuwo,-18.06,13.84,65.53,27,0,8.48,NA,1596996448
148,tuktoyaktuk,69.45,-133.04,44.6,100,90,27.51,CA,1596996400
149,tessalit,20.2,1.01,103.12,8,7,13.09,ML,1596996449
150,yulara,-25.24,130.99,46.4,49,0,3.36,AU,1596996449
151,namibe,-15.2,12.15,62.33,85,38,6.06,AO,1596996313
152,kousseri,12.08,15.03,82.4,78,40,4.7,CM,1596996449
153,asfi,32.3,-9.24,74.16,79,9,16.24,MA,1596996449
154,neya,58.3,43.87,53.4,83,64,5.99,RU,1596996450
155,mahebourg,-20.41,57.7,69.8,52,75,12.75,MU,1596996316
156,vestmannaeyjar,63.44,-20.27,53.6,93,75,27.51,IS,1596996450
157,cherskiy,68.75,161.3,42.22,71,94,6.08,RU,1596996450
158,seoul,37.57,126.98,80.6,78,90,5.82,KR,1596996221
159,montanha,-18.13,-40.36,79.84,44,11,7.58,BR,1596996452
160,san pedro,14.35,121.02,77.0,94,100,6.46,PH,1596996224
161,palana,59.12,159.97,48.87,84,99,2.59,RU,1596996452
162,vostok,46.49,135.88,58.1,97,90,4.81,RU,1596996452
163,maniitsoq,65.42,-52.9,43.02,78,100,8.99,GL,1596996452
164,lampazos de naranjo,27.02,-100.52,93.63,35,0,12.62,MX,1596996453
165,chokurdakh,70.63,147.92,37.18,86,100,10.18,RU,1596996417
166,pevek,69.7,170.31,37.06,89,72,4.88,RU,1596996422
167,fortuna,40.6,-124.16,72.0,37,0,1.99,US,1596996453
168,saskylakh,71.92,114.08,41.2,69,96,7.38,RU,1596996453
169,hami,42.8,93.45,84.88,14,11,6.22,CN,1596996454
170,ypsonas,34.69,32.96,78.8,74,20,14.99,CY,1596996454
171,port macquarie,-31.43,152.92,42.01,95,38,5.53,AU,1596996434
172,mount gambier,-37.83,140.77,42.8,100,90,4.32,AU,1596996364
173,hermanus,-34.42,19.23,57.0,76,30,10.0,ZA,1596996357
174,kendallville,41.44,-85.27,84.2,62,40,6.93,US,1596996455
175,port elizabeth,-33.92,25.57,62.6,67,58,19.46,ZA,1596996455
176,deputatskiy,69.3,139.9,39.38,95,100,8.08,RU,1596996455
177,randfontein,-26.18,27.7,64.4,34,0,6.93,ZA,1596996455
178,butaritari,3.07,172.79,82.87,74,84,19.62,KI,1596996456
179,san patricio,19.22,-104.7,87.8,66,75,9.17,MX,1596996456
180,benghazi,32.12,20.07,80.11,70,0,12.77,LY,1596996456
181,saint-georges,12.06,-61.75,84.2,79,20,23.04,GD,1596996452
182,dingle,11.0,122.67,77.92,81,97,4.94,PH,1596996387
183,glushkovo,51.34,34.63,67.87,70,54,5.1,RU,1596996456
184,herborn,50.68,8.32,77.0,79,92,1.01,DE,1596996457
185,caxito,-8.58,13.66,73.4,83,75,6.93,AO,1596996457
186,sikasso,10.92,-7.0,80.56,85,47,2.01,ML,1596996457
187,rupert,42.62,-113.68,75.2,44,1,9.17,US,1596996457
188,vangaindrano,-23.35,47.6,60.87,80,1,5.5,MG,1596996457
189,ucluelet,48.93,-125.55,55.4,100,75,6.93,CA,1596996347
190,makakilo city,21.35,-158.09,78.8,78,40,3.36,US,1596996458
191,mastic beach,40.77,-72.85,82.0,69,1,10.29,US,1596996331
192,varzea da palma,-17.6,-44.73,82.44,29,40,5.14,BR,1596996458
193,sulina,45.16,29.65,75.42,55,0,6.82,RO,1596996458
194,port lincoln,-34.73,135.87,52.0,85,11,10.74,AU,1596996459
195,isla mujeres,21.23,-86.73,89.01,70,75,5.82,MX,1596996459
196,kachiry,53.07,76.1,74.35,45,61,11.1,KZ,1596996459
197,port hardy,50.7,-127.42,55.4,87,40,9.17,CA,1596996459
198,bousse,12.66,-1.89,84.2,70,40,8.05,BF,1596996367
199,parlakimidi,18.77,84.08,81.7,83,96,1.79,IN,1596996460
200,cidreira,-30.18,-50.21,67.3,59,0,6.31,BR,1596996162
201,qaanaaq,77.48,-69.36,42.13,64,31,4.34,GL,1596996360
202,biak,-0.91,122.88,76.66,82,75,3.09,ID,1596996461
203,lompoc,34.64,-120.46,64.4,77,0,9.17,US,1596996462
204,yangjiang,21.85,111.97,79.75,87,82,4.54,CN,1596996462
205,khatanga,71.97,102.5,42.1,89,36,9.06,RU,1596996369
206,charters towers,-20.1,146.27,53.01,43,0,9.13,AU,1596996463
207,mahon,39.89,4.27,84.2,51,0,4.7,ES,1596996463
208,marica,-22.92,-42.82,80.6,60,20,12.75,BR,1596996463
209,anuradhapura,8.36,80.42,77.67,82,100,12.46,LK,1596996464
210,nikolskoye,59.7,30.79,71.6,60,20,6.71,RU,1596996416
211,tasiilaq,65.61,-37.64,41.0,100,100,8.05,GL,1596996464
212,nayoro,44.35,142.46,61.25,89,32,0.76,JP,1596996465
213,fairbanks,64.84,-147.72,57.99,87,1,1.81,US,1596996465
214,barreirinha,-2.79,-57.07,100.08,25,9,4.74,BR,1596996465
215,alice springs,-23.7,133.88,41.0,56,0,5.5,AU,1596996235
216,quatre cocos,-20.21,57.76,69.8,52,75,12.75,MU,1596996466
217,williams lake,52.14,-122.14,55.4,58,20,8.05,CA,1596996466
218,coihaique,-45.58,-72.07,33.8,80,75,4.7,CL,1596996466
219,lengshuitan,26.41,111.6,82.11,74,98,7.4,CN,1596996466
220,durazno,-33.41,-56.5,75.2,57,85,11.41,UY,1596996466
221,jiexiu,37.02,111.91,74.14,56,83,2.17,CN,1596996467
222,bathsheba,13.22,-59.52,87.8,70,20,17.22,BB,1596996467
223,cockburn town,21.46,-71.14,87.8,62,40,13.87,TC,1596996467
224,provideniya,64.38,-173.3,47.64,74,0,3.94,RU,1596996467
225,kruisfontein,-34.0,24.73,60.01,64,34,9.82,ZA,1596996467
226,zhigansk,66.77,123.37,49.19,85,2,9.28,RU,1596996468
227,freeport,40.66,-73.58,88.0,66,1,11.41,US,1596996302
228,ramhormoz,31.28,49.6,100.4,15,26,9.17,IR,1596996385
229,lasa,46.62,10.7,69.8,60,5,3.36,IT,1596996455
230,richards bay,-28.78,32.04,68.77,69,0,20.78,ZA,1596996362
231,fuling,29.7,107.39,78.08,82,0,3.13,CN,1596996468
232,noyabrsk,63.2,75.45,70.57,58,91,5.01,RU,1596996469
233,luderitz,-26.65,15.16,59.0,72,0,14.99,NA,1596996469
234,vila velha,-20.33,-40.29,78.8,57,20,10.29,BR,1596996306
235,victoria,22.29,114.16,84.0,74,99,5.99,HK,1596996469
236,carbondale,37.73,-89.22,84.2,70,20,4.7,US,1596996469
237,mount isa,-20.73,139.5,51.8,43,0,6.93,AU,1596996470
238,valparaiso,-33.04,-71.63,59.0,62,63,8.05,CL,1596996341
239,haikou,20.05,110.34,78.8,88,91,4.47,CN,1596996470
240,gidole,5.65,37.37,60.67,78,81,2.08,ET,1596996470
241,touros,-5.2,-35.46,80.6,69,75,12.75,BR,1596996353
242,tuatapere,-46.13,167.68,48.99,90,100,15.01,NZ,1596996470
243,aklavik,68.22,-135.01,51.8,87,90,6.93,CA,1596996471
244,tiksi,71.69,128.87,38.7,85,100,12.37,RU,1596996471
245,zaragoza,41.66,-0.88,98.6,19,20,19.46,ES,1596996454
246,vung tau,10.35,107.08,81.97,84,78,10.42,VN,1596996218
247,isangel,-19.55,169.27,71.19,79,98,9.48,VU,1596996472
248,college,64.86,-147.8,55.0,87,40,1.83,US,1596996472
249,liuzhou,24.31,109.39,80.83,79,100,6.89,CN,1596996472
250,fort pierce,27.45,-80.33,88.0,74,20,6.93,US,1596996216
251,berdigestyakh,62.1,126.7,60.42,67,74,2.01,RU,1596996472
252,launceston,-41.45,147.17,30.2,92,0,0.85,AU,1596996473
253,paignton,50.44,-3.57,80.01,8,83,5.99,GB,1596996473
254,washougal,45.58,-122.35,69.01,59,20,3.36,US,1596996202
255,teahupoo,-17.83,-149.27,77.0,47,40,4.7,PF,1596996445
256,garissa,-0.45,39.64,76.53,61,83,23.8,KE,1596996473
257,tura,25.52,90.22,75.63,97,100,7.72,IN,1596996402
258,qingyuan,23.7,113.03,86.0,66,92,8.95,CN,1596996474
259,yanliang,34.66,109.23,82.99,83,0,6.71,CN,1596996474
260,belaya gora,68.53,146.42,46.98,84,100,12.33,RU,1596996474
261,mafra,-26.11,-49.81,66.99,56,0,7.0,BR,1596996460
262,nizwa,22.93,57.53,91.27,37,76,0.56,OM,1596996475
263,rio grande,-32.03,-52.1,75.2,64,0,11.41,BR,1596996356
264,srednekolymsk,67.45,153.68,55.44,57,96,8.43,RU,1596996475
265,boa vista,2.82,-60.67,80.6,78,75,10.29,BR,1596996475
266,torbay,47.67,-52.73,71.6,68,20,9.17,CA,1596996351
267,omaruru,-21.43,15.93,56.68,34,0,4.88,NA,1596996475
268,leningradskiy,69.38,178.42,40.62,90,100,14.79,RU,1596996360
269,yermakovskoye,53.28,92.4,59.31,89,0,1.72,RU,1596996476
270,siparia,10.13,-61.5,81.0,91,13,4.68,TT,1596996476
271,jiuquan,39.74,98.52,70.63,22,1,1.83,CN,1596996476
272,vardo,70.37,31.11,50.0,93,75,31.09,NO,1596996476
273,ofaqim,31.31,34.62,82.0,65,0,6.55,IL,1596996476
274,oparino,59.85,48.28,49.05,91,7,5.57,RU,1596996477
275,cabo san lucas,22.89,-109.91,93.2,46,5,11.41,MX,1596996216
276,rabo de peixe,37.8,-25.58,75.2,69,20,2.24,PT,1596996478
277,bud,39.45,-86.18,84.99,69,40,6.35,US,1596996470
278,yerofey pavlovich,53.97,121.97,57.42,96,100,7.34,RU,1596996478
279,riberalta,-10.98,-66.1,103.03,20,13,1.79,BO,1596996478
280,porangatu,-13.44,-49.15,94.89,19,2,4.03,BR,1596996478
281,roura,4.73,-52.33,87.8,70,40,13.87,GF,1596996478
282,vattalkundu,10.17,77.77,84.2,62,40,4.7,IN,1596996478
283,praia da vitoria,38.73,-27.07,77.0,69,40,3.96,PT,1596996478
284,indian head,38.6,-77.16,91.0,62,1,3.36,US,1596996479
285,klaksvik,62.23,-6.59,55.4,87,75,10.29,FO,1596996479
286,naumburg,51.15,11.82,90.0,31,97,1.74,DE,1596996479
287,bilibino,68.05,166.44,39.42,79,86,0.43,RU,1596996351
288,san carlos,9.66,-68.58,81.59,86,29,2.8,VE,1596996270
289,kostomuksha,64.57,30.58,63.32,83,49,8.3,RU,1596996479
290,de aar,-30.65,24.01,45.36,62,74,13.51,ZA,1596996479
291,la palma,33.85,-118.05,78.01,56,1,6.4,US,1596996480
292,tual,-5.67,132.75,79.12,86,41,15.05,ID,1596996317
293,almaznyy,48.04,40.05,77.0,38,11,8.95,RU,1596996481
294,redmond,47.67,-122.12,69.01,67,0,5.06,US,1596996481
295,sri aman,1.24,111.46,75.2,94,97,0.49,MY,1596996482
296,cairns,-16.92,145.77,69.8,73,90,4.7,AU,1596996421
297,imbituba,-28.24,-48.67,77.0,50,0,12.75,BR,1596996482
298,ukiah,39.15,-123.21,84.99,44,1,3.74,US,1596996230
299,mar del plata,-38.0,-57.56,50.0,81,75,16.11,AR,1596996370
300,longyearbyen,78.22,15.64,48.2,61,100,8.1,SJ,1596996393
301,kawalu,-7.38,108.21,71.04,90,83,1.36,ID,1596996484
302,tigil,57.8,158.67,48.76,74,100,2.55,RU,1596996405
303,komsomolskiy,40.43,71.72,78.8,54,86,4.7,UZ,1596996484
304,norman wells,65.28,-126.83,62.6,88,20,6.93,CA,1596996485
305,caucaia,-3.74,-38.65,84.2,58,0,12.75,BR,1596996485
306,asau,46.43,26.4,66.99,75,5,4.18,RO,1596996485
307,nelson bay,-32.72,152.15,46.99,100,90,12.75,AU,1596996485
308,teya,60.38,92.63,60.08,63,0,0.58,RU,1596996485
309,port blair,11.67,92.75,81.88,82,97,21.25,IN,1596996437
310,posse,-14.09,-46.37,83.55,26,1,7.16,BR,1596996485
311,acapulco,16.86,-99.89,89.6,62,75,5.82,MX,1596996270
312,trapani,37.83,12.67,86.0,66,0,13.87,IT,1596996486
313,bengkulu,-3.8,102.27,76.48,88,93,3.11,ID,1596996380
314,shagonar,51.53,92.8,59.59,69,2,1.43,RU,1596996486
315,choix,26.71,-108.32,93.56,54,37,5.35,MX,1596996486
316,stephenville,32.22,-98.2,93.99,36,1,10.29,US,1596996254
317,remanso,-9.62,-42.08,84.18,39,0,8.03,BR,1596996487
318,kovdor,67.57,30.48,51.08,93,96,16.42,RU,1596996487
319,los llanos de aridane,28.66,-17.92,75.2,83,75,17.22,ES,1596996487
320,sturgis,41.8,-85.42,84.2,62,75,3.36,US,1596996487
321,bonfim,3.08,-59.95,87.42,60,91,3.96,BR,1596996487
322,makaryev,57.88,43.81,55.47,76,41,7.09,RU,1596996488
323,maputo,-25.97,32.59,75.79,34,0,13.44,MZ,1596996488
324,miandrivazo,-19.52,45.47,73.22,67,91,2.71,MG,1596996489
325,te anau,-45.42,167.72,44.13,86,100,5.57,NZ,1596996489
326,sao joao da barra,-21.64,-41.05,80.6,51,20,13.87,BR,1596996489
327,korop,51.57,32.96,65.21,84,42,4.25,UA,1596996489
328,hauterive,46.09,3.45,91.4,48,90,5.82,FR,1596996490
329,pilar,-9.6,-35.96,77.0,83,75,9.17,BR,1596996490
330,katherine,-14.47,132.27,62.6,45,32,5.82,AU,1596996490
331,yenagoa,4.92,6.26,77.34,70,51,8.59,NG,1596996490
332,hellvik,59.92,5.78,66.0,77,59,13.87,NO,1596996490
333,erdenet,49.03,104.08,49.86,77,0,4.38,MN,1596996491
334,vao,-22.67,167.48,71.15,80,87,18.32,NC,1596996366
335,rudnichnyy,59.62,52.47,52.68,87,19,8.16,RU,1596996492
336,hofn,64.25,-15.21,53.6,93,90,10.29,IS,1596996492
337,zhangye,38.93,100.45,75.78,20,42,7.49,CN,1596996492
338,abu dhabi,24.47,54.37,98.6,30,99,3.36,AE,1596996348
339,asino,57.0,86.15,62.6,71,0,4.74,RU,1596996492
340,yar-sale,66.83,70.83,50.95,88,79,7.16,RU,1596996492
341,san-pedro,4.75,-6.64,76.87,76,54,6.69,CI,1596996493
342,bara,10.37,10.73,78.1,69,99,7.14,NG,1596996493
343,azul,-36.78,-59.86,59.0,77,78,5.01,AR,1596996493
344,port-cartier,50.03,-66.87,73.4,56,75,11.41,CA,1596996493
345,ambilobe,-13.2,49.05,68.56,79,38,3.44,MG,1596996493
346,xining,36.62,101.77,57.6,56,5,3.4,CN,1596996494
347,pinega,64.7,43.39,52.7,73,87,2.73,RU,1596996450
348,duluth,46.78,-92.11,73.4,83,40,4.7,US,1596996434
349,shirokiy,49.76,129.52,67.08,97,100,12.41,RU,1596996494
350,diu,20.71,70.98,81.9,84,74,15.28,IN,1596996494
351,chernoyerkovskaya,45.43,37.77,80.6,44,0,15.66,RU,1596996494
352,carutapera,-1.2,-46.02,84.38,68,20,9.89,BR,1596996495
353,amahai,-3.33,128.92,81.0,93,77,2.77,ID,1596996483
354,hasaki,35.73,140.83,77.0,94,75,2.24,JP,1596996495
355,korla,41.76,86.15,84.99,68,91,3.0,CN,1596996466
356,alofi,-19.06,-169.92,60.8,93,49,1.12,NU,1596996495
357,seymchan,62.88,152.43,53.55,72,100,3.76,RU,1596996496
358,lamu,-2.27,40.9,76.03,77,44,17.09,KE,1596996496
359,warrnambool,-38.38,142.48,43.0,93,20,6.31,AU,1596996496
360,davenda,53.56,119.32,57.99,95,100,5.21,RU,1596996496
361,belmonte,-15.86,-38.88,77.0,69,40,8.05,BR,1596996496
362,staryy nadym,65.61,72.68,53.35,82,82,12.17,RU,1596996497
363,itupiranga,-5.13,-49.33,98.6,23,20,2.24,BR,1596996497
364,bindki,26.03,80.6,88.84,66,100,9.22,IN,1596996497
365,araouane,18.9,-3.53,103.73,22,40,3.8,ML,1596996497
366,gladstone,-23.85,151.25,51.8,57,0,6.93,AU,1596996497
367,clyde river,70.47,-68.59,44.6,70,90,13.87,CA,1596996497
368,solnechnyy,50.72,136.63,58.6,84,99,3.13,RU,1596996498
369,waipawa,-41.41,175.52,51.8,71,0,13.87,NZ,1596996498
370,rurrenabaque,-14.44,-67.53,92.88,31,3,3.91,BO,1596996498
371,koslan,63.46,48.9,47.34,85,66,5.03,RU,1596996498
372,katsuura,35.13,140.3,84.2,79,75,4.7,JP,1596996358
373,barrancas,10.96,-72.79,96.8,47,40,17.22,CO,1596996499
374,rincon,32.3,-81.24,93.0,59,40,4.7,US,1596996500
375,sangar,63.92,127.47,56.01,95,100,5.79,RU,1596996500
376,kavieng,-2.57,150.8,80.85,76,100,3.78,PG,1596996430
377,inuvik,68.35,-133.72,51.8,81,90,12.75,CA,1596996239
378,evensk,61.95,159.23,51.69,78,18,3.29,RU,1596996502
379,los algarrobos,8.5,-82.43,86.0,74,40,5.82,PA,1596996503
380,comodoro rivadavia,-45.87,-67.5,48.2,45,100,18.34,AR,1596996503
381,altagracia de orituco,9.86,-66.38,81.72,79,17,4.18,VE,1596996503
382,rawson,-43.3,-65.1,48.45,51,100,15.88,AR,1596996379
383,chilca,-12.52,-76.74,60.8,77,75,10.29,PE,1596996504
384,khorramshahr,30.44,48.17,100.4,22,21,9.17,IR,1596996504
385,skaudvile,55.42,22.62,68.67,82,53,4.79,LT,1596996504
386,rancho palos verdes,33.74,-118.39,73.0,77,5,4.7,US,1596996504
387,salalah,17.02,54.09,78.8,88,75,4.7,OM,1596996339
388,ponnani,10.77,75.93,73.4,94,75,3.36,IN,1596996382
389,phan thiet,10.93,108.1,78.08,88,78,6.58,VN,1596996505
390,weligama,5.97,80.42,78.03,87,98,11.99,LK,1596996405
391,kitimat,54.05,-128.65,51.8,93,90,13.87,CA,1596996505
392,gigmoto,13.78,124.39,81.88,81,84,9.62,PH,1596996505
393,banamba,13.55,-7.45,84.24,69,94,4.94,ML,1596996505
394,key west,24.56,-81.78,93.2,66,1,9.17,US,1596996505
395,palmer,42.16,-72.33,87.01,54,75,6.6,US,1596996506
396,merauke,-8.47,140.33,77.07,91,40,8.19,ID,1596996506
397,kifri,34.7,44.97,93.96,15,0,12.82,IQ,1596996506
398,darnah,32.77,22.64,78.15,73,0,20.18,LY,1596996506
399,parana,-31.73,-60.52,81.0,45,25,1.99,AR,1596996506
400,panormos,35.42,24.69,80.01,55,18,11.01,GR,1596996506
401,eatonton,33.33,-83.39,93.99,50,0,2.84,US,1596996506
402,saqqez,36.25,46.27,67.62,39,7,2.66,IR,1596996381
403,palma del rio,37.7,-5.28,100.4,22,14,10.29,ES,1596996507
404,natal,-5.79,-35.21,84.2,62,75,21.92,BR,1596996507
405,marzuq,14.4,46.47,84.09,43,71,3.44,YE,1596996507
406,mananjary,-21.22,48.33,62.26,76,1,2.89,MG,1596996507
407,porto novo,6.5,2.6,78.8,78,20,13.87,BJ,1596996508
408,yarada,17.65,83.27,80.6,83,90,4.7,IN,1596996508
409,karwar,14.8,74.13,78.39,87,100,11.65,IN,1596996508
410,severo-kurilsk,50.68,156.12,52.32,91,100,2.75,RU,1596996460
411,kashi,39.45,75.98,77.0,36,40,6.71,CN,1596996508
412,buchanan,5.88,-10.05,77.0,94,75,8.7,LR,1596996508
413,san jeronimo,-11.95,-75.28,60.8,33,13,3.94,PE,1596996508
414,george,-33.96,22.46,60.8,51,20,16.11,ZA,1596996509
415,taoudenni,22.68,-3.98,111.51,8,0,14.92,ML,1596996509
416,basco,20.45,121.97,83.41,82,80,16.71,PH,1596996509
417,narsaq,60.92,-46.05,57.2,58,96,8.05,GL,1596996461
418,burnie,-41.07,145.92,39.99,82,0,3.0,AU,1596996509
419,revda,56.8,59.93,55.4,100,90,11.18,RU,1596996509
420,rundu,-17.93,19.77,69.91,22,0,3.51,NA,1596996509
421,hobyo,5.35,48.53,76.33,70,41,28.7,SO,1596996510
422,birao,10.28,22.79,68.77,97,100,3.78,CF,1596996510
423,mezen,65.85,44.24,50.25,82,68,2.98,RU,1596996510
424,eidsvag,62.78,8.07,62.6,62,3,14.99,NO,1596996510
425,coruripe,-10.13,-36.18,77.88,73,12,12.8,BR,1596996269
426,sinfra,6.62,-5.92,82.4,69,40,9.17,CI,1596996512
427,kaitangata,-46.28,169.85,50.0,68,99,11.01,NZ,1596996392
428,bireun,5.2,96.7,78.69,76,65,5.39,ID,1596996512
429,tukrah,32.53,20.58,78.84,70,0,10.71,LY,1596996512
430,kaeo,-35.1,173.78,48.99,3,29,1.99,NZ,1596996490
431,alyangula,-13.85,136.42,59.0,93,67,13.31,AU,1596996408
432,floro,61.6,5.03,64.4,63,20,12.75,NO,1596996512
433,port-gentil,-0.72,8.78,78.8,74,20,9.26,GA,1596996513
434,nha trang,12.25,109.18,84.2,83,40,4.7,VN,1596996513
435,columbia,34.0,-81.03,93.99,52,1,6.93,US,1596996505
436,sartell,45.62,-94.21,69.8,100,90,4.7,US,1596996378
437,monastyryshche,48.99,29.8,67.77,71,81,6.42,UA,1596996513
438,smithers,54.78,-127.17,46.4,93,90,6.93,CA,1596996514
439,port hedland,-20.32,118.57,69.8,94,40,8.05,AU,1596996514
440,broken hill,-31.95,141.43,42.8,93,9,5.82,AU,1596996514
441,sobolevo,54.43,31.9,64.09,88,13,5.21,RU,1596996514
442,palmas bellas,9.23,-80.09,79.0,94,95,5.99,PA,1596996514
443,buala,-8.14,159.59,80.24,81,100,6.93,SB,1596996480
444,atar,20.52,-13.05,107.44,17,20,15.12,MR,1596996515
445,ancud,-41.87,-73.82,48.0,81,20,9.17,CL,1596996515
446,villazon,-22.09,-65.59,63.43,19,0,2.93,BO,1596996515
447,bantry,51.68,-9.45,69.8,68,40,6.93,IE,1596996515
448,madera,37.17,-119.83,93.0,28,0,3.0,US,1596996515
449,atikokan,48.76,-91.62,80.94,42,99,8.48,CA,1596996313
450,iralaya,15.0,-83.23,84.2,79,75,10.29,HN,1596996516
451,areosa,41.72,-8.86,73.0,93,90,5.82,PT,1596996516
452,raudeberg,61.99,5.14,64.4,63,20,12.75,NO,1596996516
453,ainazi,57.86,24.36,67.96,73,23,7.47,LV,1596996516
454,poum,-20.23,164.02,73.83,79,99,20.54,NC,1596996516
455,cabra,37.47,-4.44,100.0,20,0,13.24,ES,1596996517
456,ilebo,-4.32,20.58,86.4,37,96,2.68,CD,1596996517
457,bonthe,7.53,-12.51,78.53,74,72,12.08,SL,1596996517
458,flin flon,54.77,-101.86,59.0,77,75,12.75,CA,1596996517
459,boende,-0.22,20.87,81.43,63,83,2.59,CD,1596996517
460,preobrazheniye,42.9,133.91,64.31,94,100,11.12,RU,1596996517
461,bulgan,48.81,103.53,51.48,78,0,2.21,MN,1596996518
462,kushiro,42.98,144.37,63.32,97,100,6.51,JP,1596996519
463,marshall,34.38,-86.33,91.4,36,40,4.7,US,1596996519
464,kupang,-10.17,123.58,73.9,79,0,6.02,ID,1596996486
465,dvorichna,49.85,37.69,67.86,69,19,5.3,UA,1596996320
466,karangasem,-8.45,115.62,78.8,94,20,3.36,ID,1596996520
467,nassjo,57.65,14.7,77.0,53,61,3.36,SE,1596996520
468,voh,-20.97,164.7,67.24,87,100,5.21,NC,1596996520
469,renqiu,38.7,116.09,78.57,79,20,9.04,CN,1596996520
470,tecoanapa,16.52,-98.75,90.72,55,20,6.82,MX,1596996521
471,tonj,7.27,28.68,72.19,93,59,3.69,SS,1596996521
472,zhuhai,22.28,113.57,86.0,83,20,8.05,CN,1596996522
473,la ronge,55.1,-105.28,59.0,77,90,13.87,CA,1596996522
474,nova olimpia,-14.8,-57.29,100.96,14,0,3.24,BR,1596996523
475,petawawa,45.9,-77.33,73.99,94,90,3.04,CA,1596996523
476,lazaro cardenas,17.96,-102.2,83.44,76,95,2.53,MX,1596996523
477,kaduna,10.52,7.44,72.52,84,100,6.69,NG,1596996524
478,benguela,-12.58,13.41,69.85,82,79,7.9,AO,1596996524
479,sao felix do xingu,-6.64,-51.99,101.21,19,0,2.59,BR,1596996524
480,mao,39.89,4.27,84.2,51,0,4.7,ES,1596996524
481,looc,12.26,121.99,83.25,81,99,14.12,PH,1596996524
482,golyshmanovo,56.4,68.37,66.56,74,77,7.67,RU,1596996525
483,mamallapuram,12.63,80.17,84.2,79,75,10.29,IN,1596996525
484,gazojak,41.19,61.4,85.64,19,0,7.0,TM,1596996525
485,mubi,10.27,13.26,73.6,86,100,5.3,NG,1596996525
486,airai,-8.93,125.41,57.63,100,74,1.92,TL,1596996398
487,hambantota,6.12,81.12,80.56,75,100,18.39,LK,1596996525
488,durusu,41.31,28.68,78.8,83,40,23.04,TR,1596996525
489,morehead,37.27,-87.18,87.8,52,40,5.82,US,1596996526
490,menongue,-14.66,17.69,66.52,26,1,3.94,AO,1596996526
491,soyo,-6.13,12.37,72.52,85,89,6.13,AO,1596996526
492,san cristobal,7.77,-72.22,84.2,51,75,17.22,VE,1596996526
493,mecca,21.43,39.83,89.85,42,96,6.96,SA,1596996526
494,aykhal,66.0,111.5,48.2,87,59,4.47,RU,1596996526
495,flinders,-34.58,150.86,55.0,91,100,11.01,AU,1596996438
496,paso de patria,-27.25,-58.55,91.0,22,0,10.29,AR,1596996527
497,roald,62.58,6.13,61.0,67,0,13.87,NO,1596996527
498,ugoofaaru,5.67,73.0,82.74,76,100,16.8,MV,1596996415
499,soma,39.19,27.61,82.4,69,40,14.99,TR,1596996527
500,ponta do sol,32.67,-17.1,78.8,57,40,8.05,PT,1596996411
501,la asuncion,11.03,-63.86,96.8,53,100,11.41,VE,1596996528
502,along,28.17,94.77,74.25,90,100,0.43,IN,1596996528
503,svecha,58.28,47.52,52.02,86,0,8.43,RU,1596996528
504,nuevitas,21.55,-77.26,91.4,63,40,14.99,CU,1596996528
505,grants pass,42.44,-123.33,73.4,40,1,9.17,US,1596996528
506,vizinga,61.07,50.1,48.74,89,6,4.9,RU,1596996528
507,qaqortoq,60.72,-46.03,57.2,58,99,8.05,GL,1596996528
508,scotts valley,37.05,-122.01,72.0,62,0,1.99,US,1596996529
509,tarabuco,-19.17,-64.92,61.34,35,0,7.16,BO,1596996529
510,alcaniz,41.05,-0.13,82.99,67,68,4.0,ES,1596996529
511,sumbe,-11.21,13.84,70.61,88,30,7.2,AO,1596996529
512,okakarara,-20.58,17.43,66.04,26,20,8.59,NA,1596996530
513,mehamn,71.04,27.85,53.6,81,75,19.46,NO,1596996530
514,baracoa,20.35,-74.5,87.42,64,21,10.2,CU,1596996530
515,chernyshevskiy,63.01,112.47,55.49,86,15,5.08,RU,1596996530
516,svetlogorsk,52.63,29.73,65.68,90,59,5.48,BY,1596996532
517,orlik,52.52,99.83,43.81,80,22,1.23,RU,1596996532
518,daru,-9.08,143.21,76.71,90,71,4.85,PG,1596996532
519,matagami,49.75,-77.63,77.0,61,1,7.05,CA,1596996533
520,koungou,-12.73,45.2,75.2,78,20,6.93,YT,1596996533
521,loandjili,-4.76,11.86,73.4,88,20,5.82,CG,1596996533
522,huntingdon,52.33,-0.19,87.8,38,0,5.82,GB,1596996488
523,howard springs,-12.5,131.05,75.2,83,90,3.38,AU,1596996533
524,novosibirsk,55.04,82.93,66.2,82,0,4.47,RU,1596996533
525,chacabuco,-34.64,-60.47,69.85,67,100,10.54,AR,1596996534
526,the valley,18.22,-63.06,89.6,66,40,12.75,AI,1596996534
527,diego de almagro,-26.37,-70.05,81.81,17,2,11.21,CL,1596996534
528,cayenne,4.93,-52.33,87.8,70,40,13.87,GF,1596996534
529,tuxtla,16.75,-93.12,86.0,62,75,4.7,MX,1596996534
530,tyrma,50.08,132.17,60.15,95,100,8.3,RU,1596996535
531,ust-tsilma,65.44,52.15,49.66,95,94,3.36,RU,1596996535
532,tarko-sale,64.92,77.78,59.0,85,96,15.35,RU,1596996535
533,krasnoselkup,65.7,82.47,56.12,89,50,9.42,RU,1596996416
534,high level,58.52,-117.14,66.2,55,20,9.17,CA,1596996535
535,hibbing,47.43,-92.94,73.4,88,75,6.93,US,1596996535
536,yerbogachen,61.28,108.01,58.84,73,3,3.76,RU,1596996536
537,robat karim,35.48,51.08,87.8,14,0,13.87,IR,1596996514
538,midland,32.0,-102.08,91.4,40,0,14.99,US,1596996536
539,porto empedocle,37.29,13.53,80.01,56,2,7.0,IT,1596996536
540,constitucion,-35.33,-72.42,55.15,77,81,7.4,CL,1596996536
541,zapolyarnyy,69.42,30.81,50.0,93,75,26.4,RU,1596996536
542,dmytrivka,45.97,28.99,75.45,46,41,9.35,UA,1596996537
543,codrington,-38.27,141.97,41.05,92,12,5.73,AU,1596996537
544,ubinskoye,55.31,79.68,64.63,86,0,7.38,RU,1596996537
545,kuah,6.33,99.84,82.4,94,20,5.97,MY,1596996537
546,san francisco,37.77,-122.42,73.0,64,20,8.05,US,1596996401
547,strezhevoy,60.73,77.59,64.4,88,1,4.47,RU,1596996538
548,campoverde,-8.48,-74.81,87.8,62,75,4.7,PE,1596996538
549,lusaka,-15.41,28.29,64.4,39,0,5.82,ZM,1596996538
550,vila franca do campo,37.72,-25.43,75.2,69,20,2.24,PT,1596996539
551,tjome,59.11,10.39,73.99,60,20,11.41,NO,1596996539
552,omboue,-1.57,9.26,74.39,74,100,6.78,GA,1596996401
553,talakan,50.32,130.37,62.74,96,100,9.04,RU,1596996539
554,afyonkarahisar,38.75,30.67,65.05,83,94,15.5,TR,1596996449
555,bowral,-34.47,150.42,55.0,91,100,11.01,AU,1596996540
556,malanje,-9.54,16.34,75.58,25,0,2.93,AO,1596996540
557,emerald,-23.53,148.17,50.0,57,0,4.7,AU,1596996540
558,inhambane,-23.86,35.38,69.8,64,0,20.8,MZ,1596996415
559,vanimo,-2.67,141.3,77.16,86,21,4.41,PG,1596996541
560,maumere,-8.62,122.21,76.68,79,28,1.1,ID,1596996541
561,kamaishi,39.27,141.88,73.6,87,91,6.15,JP,1596996542
562,san policarpo,12.18,125.51,80.49,83,100,6.44,PH,1596996425
563,praia,14.92,-23.51,84.2,58,75,12.75,CV,1596996543
564,sinegorskiy,48.01,40.84,71.92,48,2,8.86,RU,1596996544
565,manacapuru,-3.3,-60.62,91.4,46,40,9.17,BR,1596996544
566,muncar,-8.43,114.33,74.26,90,27,1.74,ID,1596996544
567,wenling,28.37,121.36,82.99,59,4,11.39,CN,1596996425
568,tucuman,-26.82,-65.22,78.8,39,0,6.93,AR,1596996544
569,angola,-12.5,18.5,68.25,29,0,2.84,AO,1596996544
570,sabang,5.89,95.32,84.33,73,23,15.32,ID,1596996376
571,lumberton,34.62,-79.01,91.0,55,20,10.29,US,1596996545
572,lavrentiya,65.58,-171.0,45.82,83,24,5.37,RU,1596996545
573,solhan,38.96,41.03,72.59,24,3,2.8,TR,1596996545
574,itoman,26.12,127.67,84.2,89,75,21.92,JP,1596996545
